Date,Adj Close
2014/9/17,457.334015
2014/9/18,424.440002
2014/9/19,394.79599
2014/9/20,408.903992
2014/9/21,398.821014
2014/9/22,402.152008
2014/9/23,435.790985
2014/9/24,423.204987
2014/9/25,411.574005
2014/9/26,404.424988
2014/9/27,399.519989
2014/9/28,377.181
2014/9/29,375.46701
2014/9/30,386.944
2014/10/1,383.61499
2014/10/2,375.071991
2014/10/3,359.511993
2014/10/4,328.865997
2014/10/5,320.51001
2014/10/6,330.07901
2014/10/7,336.187012
2014/10/8,352.940002
2014/10/9,365.026001
2014/10/10,361.562012
2014/10/11,362.299011
2014/10/12,378.549011
2014/10/13,390.414001
2014/10/14,400.869995
2014/10/15,394.77301
2014/10/16,382.556
2014/10/17,383.757996
2014/10/18,391.441986
2014/10/19,389.54599
2014/10/20,382.845001
2014/10/21,386.475006
2014/10/22,383.15799
2014/10/23,358.416992
2014/10/24,358.345001
2014/10/25,347.270996
2014/10/26,354.70401
2014/10/27,352.989014
2014/10/28,357.618011
2014/10/29,335.591003
2014/10/30,345.304993
2014/10/31,338.321014
2014/11/1,325.748993
2014/11/2,325.891998
2014/11/3,327.553986
2014/11/4,330.492004
2014/11/5,339.485992
2014/11/6,349.290009
2014/11/7,342.415009
2014/11/8,345.488007
2014/11/9,363.264008
2014/11/10,366.924011
2014/11/11,367.695007
2014/11/12,423.561005
2014/11/13,420.734985
2014/11/14,397.817993
2014/11/15,376.132996
2014/11/16,387.881989
2014/11/17,387.40799
2014/11/18,375.197998
2014/11/19,380.554993
2014/11/20,357.839996
2014/11/21,350.847992
2014/11/22,352.920013
2014/11/23,367.572998
2014/11/24,376.901001
2014/11/25,375.347992
2014/11/26,368.369995
2014/11/27,369.670013
2014/11/28,376.446991
2014/11/29,375.490997
2014/11/30,378.046997
2014/12/1,379.244995
2014/12/2,381.315002
2014/12/3,375.01001
2014/12/4,369.604004
2014/12/5,376.854004
2014/12/6,374.785004
2014/12/7,375.095001
2014/12/8,361.908997
2014/12/9,352.218994
2014/12/10,346.36499
2014/12/11,350.506012
2014/12/12,352.541992
2014/12/13,347.376007
2014/12/14,351.631989
2014/12/15,345.345001
2014/12/16,327.062012
2014/12/17,319.776001
2014/12/18,311.395996
2014/12/19,317.842987
2014/12/20,329.955994
2014/12/21,320.842987
2014/12/22,331.885986
2014/12/23,334.571991
2014/12/24,322.533997
2014/12/25,319.007996
2014/12/26,327.924011
2014/12/27,315.863007
2014/12/28,317.239014
2014/12/29,312.670013
2014/12/30,310.737
2014/12/31,320.192993
2015/1/1,314.248993
2015/1/2,315.032013
2015/1/3,281.082001
2015/1/4,264.195007
2015/1/5,274.473999
2015/1/6,286.188995
2015/1/7,294.337006
2015/1/8,283.348999
2015/1/9,290.40799
2015/1/10,274.79599
2015/1/11,265.660004
2015/1/12,267.79599
2015/1/13,225.860992
2015/1/14,178.102997
2015/1/15,209.843994
2015/1/16,208.097
2015/1/17,199.259995
2015/1/18,210.339005
2015/1/19,214.860992
2015/1/20,211.315002
2015/1/21,226.897003
2015/1/22,233.406006
2015/1/23,232.878998
2015/1/24,247.847
2015/1/25,253.718002
2015/1/26,273.472992
2015/1/27,263.475006
2015/1/28,233.914993
2015/1/29,233.513
2015/1/30,226.425003
2015/1/31,217.464005
2015/2/1,226.972
2015/2/2,238.229004
2015/2/3,227.268005
2015/2/4,226.852997
2015/2/5,217.110992
2015/2/6,222.266006
2015/2/7,227.753998
2015/2/8,223.412003
2015/2/9,220.110001
2015/2/10,219.839005
2015/2/11,219.184998
2015/2/12,221.764008
2015/2/13,235.427002
2015/2/14,257.321014
2015/2/15,234.824997
2015/2/16,233.843002
2015/2/17,243.610001
2015/2/18,236.326004
2015/2/19,240.283005
2015/2/20,243.779007
2015/2/21,244.533997
2015/2/22,235.977005
2015/2/23,238.891998
2015/2/24,238.735001
2015/2/25,237.470001
2015/2/26,236.425995
2015/2/27,253.828003
2015/2/28,254.263
2015/3/1,260.201996
2015/3/2,275.670013
2015/3/3,281.701996
2015/3/4,273.09201
2015/3/5,276.178009
2015/3/6,272.722992
2015/3/7,276.260986
2015/3/8,274.354004
2015/3/9,289.606995
2015/3/10,291.76001
2015/3/11,296.378998
2015/3/12,294.354004
2015/3/13,285.337006
2015/3/14,281.88501
2015/3/15,286.393005
2015/3/16,290.592987
2015/3/17,285.505005
2015/3/18,256.299011
2015/3/19,260.928009
2015/3/20,261.748993
2015/3/21,260.024994
2015/3/22,267.959991
2015/3/23,266.73999
2015/3/24,245.595001
2015/3/25,246.197006
2015/3/26,248.531998
2015/3/27,247.029007
2015/3/28,252.798004
2015/3/29,242.712997
2015/3/30,247.526001
2015/3/31,244.223999
2015/4/1,247.272003
2015/4/2,253.005005
2015/4/3,254.322006
2015/4/4,253.697006
2015/4/5,260.597992
2015/4/6,255.492004
2015/4/7,253.179993
2015/4/8,245.022003
2015/4/9,243.675995
2015/4/10,236.072006
2015/4/11,236.552002
2015/4/12,236.153
2015/4/13,224.587006
2015/4/14,219.158997
2015/4/15,223.832993
2015/4/16,228.572998
2015/4/17,222.882004
2015/4/18,223.356003
2015/4/19,222.600006
2015/4/20,224.626007
2015/4/21,235.268997
2015/4/22,234.175995
2015/4/23,236.462006
2015/4/24,231.268005
2015/4/25,226.389999
2015/4/26,219.429993
2015/4/27,229.285995
2015/4/28,225.854996
2015/4/29,225.807999
2015/4/30,236.145004
2015/5/1,232.078995
2015/5/2,234.929993
2015/5/3,240.358002
2015/5/4,239.018005
2015/5/5,236.121002
2015/5/6,229.781998
2015/5/7,237.334
2015/5/8,243.863007
2015/5/9,241.832001
2015/5/10,240.296005
2015/5/11,242.158005
2015/5/12,241.112
2015/5/13,236.376999
2015/5/14,236.929001
2015/5/15,237.604996
2015/5/16,236.153
2015/5/17,236.802002
2015/5/18,233.128006
2015/5/19,231.947006
2015/5/20,234.018005
2015/5/21,235.343994
2015/5/22,240.348007
2015/5/23,238.871994
2015/5/24,240.953003
2015/5/25,237.110001
2015/5/26,237.115997
2015/5/27,237.283005
2015/5/28,237.408005
2015/5/29,237.095993
2015/5/30,233.345001
2015/5/31,230.190002
2015/6/1,222.925995
2015/6/2,225.802994
2015/6/3,225.873993
2015/6/4,224.324005
2015/6/5,224.951996
2015/6/6,225.619003
2015/6/7,222.880997
2015/6/8,228.488998
2015/6/9,229.048004
2015/6/10,228.802994
2015/6/11,229.705002
2015/6/12,229.981995
2015/6/13,232.401993
2015/6/14,233.542999
2015/6/15,236.822998
2015/6/16,250.895004
2015/6/17,249.283997
2015/6/18,249.007004
2015/6/19,244.606003
2015/6/20,245.212006
2015/6/21,243.944
2015/6/22,246.990005
2015/6/23,244.296005
2015/6/24,240.514999
2015/6/25,242.798996
2015/6/26,243.593994
2015/6/27,250.990005
2015/6/28,249.011002
2015/6/29,257.063995
2015/6/30,263.071991
2015/7/1,258.621002
2015/7/2,255.412003
2015/7/3,256.335999
2015/7/4,260.885986
2015/7/5,271.912994
2015/7/6,269.029999
2015/7/7,266.207001
2015/7/8,270.785004
2015/7/9,269.227997
2015/7/10,284.894012
2015/7/11,293.11499
2015/7/12,310.867004
2015/7/13,292.053986
2015/7/14,287.463989
2015/7/15,285.82901
2015/7/16,278.088989
2015/7/17,279.471985
2015/7/18,274.901001
2015/7/19,273.614014
2015/7/20,278.980988
2015/7/21,275.833008
2015/7/22,277.221985
2015/7/23,276.049011
2015/7/24,288.278015
2015/7/25,288.696991
2015/7/26,292.686005
2015/7/27,293.623993
2015/7/28,294.427002
2015/7/29,289.589996
2015/7/30,287.721985
2015/7/31,284.649994
2015/8/1,281.601013
2015/8/2,282.614014
2015/8/3,281.22699
2015/8/4,285.217987
2015/8/5,281.881989
2015/8/6,278.576996
2015/8/7,279.584991
2015/8/8,260.997009
2015/8/9,265.083008
2015/8/10,264.470001
2015/8/11,270.385986
2015/8/12,266.376007
2015/8/13,264.079987
2015/8/14,265.679993
2015/8/15,261.550995
2015/8/16,258.506989
2015/8/17,257.976013
2015/8/18,211.078995
2015/8/19,226.684006
2015/8/20,235.350006
2015/8/21,232.569
2015/8/22,230.389999
2015/8/23,228.169006
2015/8/24,210.494995
2015/8/25,221.608994
2015/8/26,225.830994
2015/8/27,224.768997
2015/8/28,231.395996
2015/8/29,229.779999
2015/8/30,228.761002
2015/8/31,230.056
2015/9/1,228.121002
2015/9/2,229.283997
2015/9/3,227.182999
2015/9/4,230.298004
2015/9/5,235.018997
2015/9/6,239.839996
2015/9/7,239.847
2015/9/8,243.606995
2015/9/9,238.167999
2015/9/10,238.477005
2015/9/11,240.106995
2015/9/12,235.229004
2015/9/13,230.511993
2015/9/14,230.643997
2015/9/15,230.304001
2015/9/16,229.091003
2015/9/17,229.809998
2015/9/18,232.975006
2015/9/19,231.492996
2015/9/20,231.212006
2015/9/21,227.085007
2015/9/22,230.617996
2015/9/23,230.283005
2015/9/24,234.529007
2015/9/25,235.143997
2015/9/26,234.339996
2015/9/27,232.757004
2015/9/28,239.141998
2015/9/29,236.686996
2015/9/30,236.059998
2015/10/1,237.548996
2015/10/2,237.292999
2015/10/3,238.729996
2015/10/4,238.259003
2015/10/5,240.382996
2015/10/6,246.063004
2015/10/7,242.968994
2015/10/8,242.304001
2015/10/9,243.931
2015/10/10,244.940994
2015/10/11,247.050003
2015/10/12,245.307999
2015/10/13,249.507996
2015/10/14,251.988998
2015/10/15,254.320007
2015/10/16,262.868988
2015/10/17,270.640015
2015/10/18,261.643005
2015/10/19,263.437012
2015/10/20,269.463013
2015/10/21,266.272003
2015/10/22,274.02301
2015/10/23,276.496002
2015/10/24,281.653992
2015/10/25,283.679993
2015/10/26,285.299988
2015/10/27,293.787994
2015/10/28,304.618011
2015/10/29,313.855011
2015/10/30,328.015015
2015/10/31,314.165985
2015/11/1,325.431
2015/11/2,361.188995
2015/11/3,403.416992
2015/11/4,411.562988
2015/11/5,386.354004
2015/11/6,374.470001
2015/11/7,386.481995
2015/11/8,373.368011
2015/11/9,380.256989
2015/11/10,336.819
2015/11/11,311.084015
2015/11/12,338.152008
2015/11/13,336.752991
2015/11/14,332.906006
2015/11/15,320.165985
2015/11/16,330.751007
2015/11/17,335.093994
2015/11/18,334.589996
2015/11/19,326.148987
2015/11/20,322.022003
2015/11/21,326.927002
2015/11/22,324.536011
2015/11/23,323.04599
2015/11/24,320.04599
2015/11/25,328.205994
2015/11/26,352.68399
2015/11/27,358.041992
2015/11/28,357.381012
2015/11/29,371.294006
2015/11/30,377.321014
2015/12/1,362.488007
2015/12/2,359.187012
2015/12/3,361.04599
2015/12/4,363.183014
2015/12/5,388.949005
2015/12/6,388.78299
2015/12/7,395.536011
2015/12/8,415.562988
2015/12/9,417.562988
2015/12/10,415.479004
2015/12/11,451.937988
2015/12/12,434.997009
2015/12/13,433.755005
2015/12/14,444.182007
2015/12/15,465.321014
2015/12/16,454.93399
2015/12/17,456.078003
2015/12/18,463.615997
2015/12/19,462.321991
2015/12/20,442.684998
2015/12/21,438.639008
2015/12/22,436.571991
2015/12/23,442.401001
2015/12/24,454.984985
2015/12/25,455.653015
2015/12/26,417.273987
2015/12/27,422.822998
2015/12/28,422.278992
2015/12/29,432.983002
2015/12/30,426.619995
2015/12/31,430.566986
2016/1/1,434.334015
2016/1/2,433.437988
2016/1/3,430.010986
2016/1/4,433.091003
2016/1/5,431.959991
2016/1/6,429.105011
2016/1/7,458.048004
2016/1/8,453.230011
2016/1/9,447.610992
2016/1/10,447.990997
2016/1/11,448.428009
2016/1/12,435.690002
2016/1/13,432.371002
2016/1/14,430.306
2016/1/15,364.330994
2016/1/16,387.536011
2016/1/17,382.299011
2016/1/18,387.167999
2016/1/19,380.148987
2016/1/20,420.230011
2016/1/21,410.261993
2016/1/22,382.492004
2016/1/23,387.490997
2016/1/24,402.971008
2016/1/25,391.726013
2016/1/26,392.153015
2016/1/27,394.971985
2016/1/28,380.289001
2016/1/29,379.473999
2016/1/30,378.255005
2016/1/31,368.766998
2016/2/1,373.056
2016/2/2,374.447998
2016/2/3,369.949005
2016/2/4,389.593994
2016/2/5,386.549011
2016/2/6,376.522003
2016/2/7,376.619995
2016/2/8,373.446991
2016/2/9,376.028992
2016/2/10,381.648987
2016/2/11,379.653992
2016/2/12,384.263
2016/2/13,391.859985
2016/2/14,407.230011
2016/2/15,400.184998
2016/2/16,407.488007
2016/2/17,416.321991
2016/2/18,422.372986
2016/2/19,420.785004
2016/2/20,437.164001
2016/2/21,438.798004
2016/2/22,437.747986
2016/2/23,420.735992
2016/2/24,424.954987
2016/2/25,424.544006
2016/2/26,432.152008
2016/2/27,432.519012
2016/2/28,433.503998
2016/2/29,437.696991
2016/3/1,435.122986
2016/3/2,423.989014
2016/3/3,421.651001
2016/3/4,410.938995
2016/3/5,400.570007
2016/3/6,407.707001
2016/3/7,414.321014
2016/3/8,413.971985
2016/3/9,414.859985
2016/3/10,417.131012
2016/3/11,421.690002
2016/3/12,411.623993
2016/3/13,414.065002
2016/3/14,416.437988
2016/3/15,416.829987
2016/3/16,417.010986
2016/3/17,420.621002
2016/3/18,409.548004
2016/3/19,410.444
2016/3/20,413.755005
2016/3/21,413.307007
2016/3/22,418.088989
2016/3/23,418.040985
2016/3/24,416.394012
2016/3/25,417.177002
2016/3/26,417.945007
2016/3/27,426.765015
2016/3/28,424.230988
2016/3/29,416.515991
2016/3/30,414.81601
2016/3/31,416.729004
2016/4/1,417.959991
2016/4/2,420.872986
2016/4/3,420.903992
2016/4/4,421.444
2016/4/5,424.029999
2016/4/6,423.412994
2016/4/7,422.744995
2016/4/8,420.348999
2016/4/9,419.411011
2016/4/10,421.563995
2016/4/11,422.483002
2016/4/12,425.190002
2016/4/13,423.734009
2016/4/14,424.282013
2016/4/15,429.713013
2016/4/16,430.571991
2016/4/17,427.398987
2016/4/18,428.591003
2016/4/19,435.509003
2016/4/20,441.389008
2016/4/21,449.424988
2016/4/22,445.737
2016/4/23,450.282013
2016/4/24,458.554993
2016/4/25,461.425995
2016/4/26,466.088989
2016/4/27,444.687012
2016/4/28,449.010986
2016/4/29,455.096985
2016/4/30,448.317993
2016/5/1,451.875
2016/5/2,444.669006
2016/5/3,450.303986
2016/5/4,446.721985
2016/5/5,447.976013
2016/5/6,459.602997
2016/5/7,458.536011
2016/5/8,458.548004
2016/5/9,460.483002
2016/5/10,450.894989
2016/5/11,452.727997
2016/5/12,454.765991
2016/5/13,455.670013
2016/5/14,455.67099
2016/5/15,457.567993
2016/5/16,454.162994
2016/5/17,453.78299
2016/5/18,454.618988
2016/5/19,438.714996
2016/5/20,442.675995
2016/5/21,443.187988
2016/5/22,439.322998
2016/5/23,444.154999
2016/5/24,445.980988
2016/5/25,449.598999
2016/5/26,453.384003
2016/5/27,473.463989
2016/5/28,530.039978
2016/5/29,526.232971
2016/5/30,533.864014
2016/5/31,531.385986
2016/6/1,536.919983
2016/6/2,537.971985
2016/6/3,569.19397
2016/6/4,572.72699
2016/6/5,574.97699
2016/6/6,585.536987
2016/6/7,576.596985
2016/6/8,581.64502
2016/6/9,574.630005
2016/6/10,577.469971
2016/6/11,606.72699
2016/6/12,672.783997
2016/6/13,704.375977
2016/6/14,685.559021
2016/6/15,694.468994
2016/6/16,766.307983
2016/6/17,748.908997
2016/6/18,756.22699
2016/6/19,763.781006
2016/6/20,737.226013
2016/6/21,666.651978
2016/6/22,596.116028
2016/6/23,623.97699
2016/6/24,665.299011
2016/6/25,665.122986
2016/6/26,629.367004
2016/6/27,655.275024
2016/6/28,647.000977
2016/6/29,639.890015
2016/6/30,673.336975
2016/7/1,676.296021
2016/7/2,703.702026
2016/7/3,658.664001
2016/7/4,683.661987
2016/7/5,670.627014
2016/7/6,677.330994
2016/7/7,640.562012
2016/7/8,666.52301
2016/7/9,650.960022
2016/7/10,649.359985
2016/7/11,647.658997
2016/7/12,664.551025
2016/7/13,654.468018
2016/7/14,658.078003
2016/7/15,663.255005
2016/7/16,660.767029
2016/7/17,679.458984
2016/7/18,673.106018
2016/7/19,672.864014
2016/7/20,665.684998
2016/7/21,665.012024
2016/7/22,650.619019
2016/7/23,655.55603
2016/7/24,661.284973
2016/7/25,654.096985
2016/7/26,651.783997
2016/7/27,654.35199
2016/7/28,655.034973
2016/7/29,656.992004
2016/7/30,655.046997
2016/7/31,624.68103
2016/8/1,606.271973
2016/8/2,547.465027
2016/8/3,566.35498
2016/8/4,578.289001
2016/8/5,575.04303
2016/8/6,587.778015
2016/8/7,592.690002
2016/8/8,591.054016
2016/8/9,587.801025
2016/8/10,592.103027
2016/8/11,589.119995
2016/8/12,587.559021
2016/8/13,585.588013
2016/8/14,570.473022
2016/8/15,567.23999
2016/8/16,577.439026
2016/8/17,573.216003
2016/8/18,574.317993
2016/8/19,575.630005
2016/8/20,581.697021
2016/8/21,581.307983
2016/8/22,586.752991
2016/8/23,583.414978
2016/8/24,580.182007
2016/8/25,577.760986
2016/8/26,579.651001
2016/8/27,569.947021
2016/8/28,573.911987
2016/8/29,574.106995
2016/8/30,577.502991
2016/8/31,575.471985
2016/9/1,572.302979
2016/9/2,575.536987
2016/9/3,598.211975
2016/9/4,608.633972
2016/9/5,606.590027
2016/9/6,610.435974
2016/9/7,614.544006
2016/9/8,626.315979
2016/9/9,622.861023
2016/9/10,623.508972
2016/9/11,606.718994
2016/9/12,608.242981
2016/9/13,609.241028
2016/9/14,610.684021
2016/9/15,607.155029
2016/9/16,606.973022
2016/9/17,605.984009
2016/9/18,609.874023
2016/9/19,609.22699
2016/9/20,608.312012
2016/9/21,597.148987
2016/9/22,596.297974
2016/9/23,602.84198
2016/9/24,602.625
2016/9/25,600.825989
2016/9/26,608.04303
2016/9/27,606.166016
2016/9/28,604.728027
2016/9/29,605.692993
2016/9/30,609.734985
2016/10/1,613.982971
2016/10/2,610.892029
2016/10/3,612.132996
2016/10/4,610.203979
2016/10/5,612.510986
2016/10/6,613.020996
2016/10/7,617.120972
2016/10/8,619.107971
2016/10/9,616.752014
2016/10/10,618.994019
2016/10/11,641.072021
2016/10/12,636.192017
2016/10/13,636.786011
2016/10/14,640.377991
2016/10/15,638.645996
2016/10/16,641.630981
2016/10/17,639.192993
2016/10/18,637.960022
2016/10/19,630.52002
2016/10/20,630.856995
2016/10/21,632.828003
2016/10/22,657.294006
2016/10/23,657.070984
2016/10/24,653.760986
2016/10/25,657.588013
2016/10/26,678.304016
2016/10/27,688.312988
2016/10/28,689.651001
2016/10/29,714.479004
2016/10/30,701.864014
2016/10/31,700.971985
2016/11/1,729.79303
2016/11/2,740.828979
2016/11/3,688.700012
2016/11/4,703.234985
2016/11/5,703.41803
2016/11/6,711.521973
2016/11/7,703.130981
2016/11/8,709.848022
2016/11/9,723.27301
2016/11/10,715.533997
2016/11/11,716.411011
2016/11/12,705.054016
2016/11/13,702.031006
2016/11/14,705.020996
2016/11/15,711.619019
2016/11/16,744.197998
2016/11/17,740.97699
2016/11/18,751.585022
2016/11/19,751.616028
2016/11/20,731.026001
2016/11/21,739.247986
2016/11/22,751.346985
2016/11/23,744.593994
2016/11/24,740.289001
2016/11/25,741.648987
2016/11/26,735.382019
2016/11/27,732.034973
2016/11/28,735.812988
2016/11/29,735.604004
2016/11/30,745.690979
2016/12/1,756.773987
2016/12/2,777.94397
2016/12/3,771.155029
2016/12/4,773.872009
2016/12/5,758.700012
2016/12/6,764.223999
2016/12/7,768.132019
2016/12/8,770.809998
2016/12/9,772.794006
2016/12/10,774.650024
2016/12/11,769.731018
2016/12/12,780.086975
2016/12/13,780.55603
2016/12/14,781.481018
2016/12/15,778.088013
2016/12/16,784.906982
2016/12/17,790.828979
2016/12/18,790.530029
2016/12/19,792.713989
2016/12/20,800.875977
2016/12/21,834.281006
2016/12/22,864.539978
2016/12/23,921.984009
2016/12/24,898.822021
2016/12/25,896.182983
2016/12/26,907.609985
2016/12/27,933.197998
2016/12/28,975.921021
2016/12/29,973.497009
2016/12/30,961.237976
2016/12/31,963.742981
2017/1/1,998.325012
2017/1/2,1021.75
2017/1/3,1043.839966
2017/1/4,1154.72998
2017/1/5,1013.380005
2017/1/6,902.200989
2017/1/7,908.585022
2017/1/8,911.198975
2017/1/9,902.828003
2017/1/10,907.679016
2017/1/11,777.757019
2017/1/12,804.833984
2017/1/13,823.984009
2017/1/14,818.411987
2017/1/15,821.797974
2017/1/16,831.533997
2017/1/17,907.937988
2017/1/18,886.617981
2017/1/19,899.072998
2017/1/20,895.026001
2017/1/21,921.789001
2017/1/22,924.672974
2017/1/23,921.012024
2017/1/24,892.687012
2017/1/25,901.541992
2017/1/26,917.585999
2017/1/27,919.75
2017/1/28,921.590027
2017/1/29,919.495972
2017/1/30,920.382019
2017/1/31,970.403015
2017/2/1,989.02301
2017/2/2,1011.799988
2017/2/3,1029.910034
2017/2/4,1042.900024
2017/2/5,1027.339966
2017/2/6,1038.150024
2017/2/7,1061.349976
2017/2/8,1063.069946
2017/2/9,994.382996
2017/2/10,988.674011
2017/2/11,1004.450012
2017/2/12,999.18103
2017/2/13,990.642029
2017/2/14,1004.549988
2017/2/15,1007.47998
2017/2/16,1027.439941
2017/2/17,1046.209961
2017/2/18,1054.420044
2017/2/19,1047.869995
2017/2/20,1079.97998
2017/2/21,1115.300049
2017/2/22,1117.439941
2017/2/23,1166.719971
2017/2/24,1173.680054
2017/2/25,1143.839966
2017/2/26,1165.199951
2017/2/27,1179.969971
2017/2/28,1179.969971
2017/3/1,1222.5
2017/3/2,1251.01001
2017/3/3,1274.98999
2017/3/4,1255.150024
2017/3/5,1267.119995
2017/3/6,1272.829956
2017/3/7,1223.540039
2017/3/8,1150
2017/3/9,1188.48999
2017/3/10,1116.719971
2017/3/11,1175.829956
2017/3/12,1221.380005
2017/3/13,1231.920044
2017/3/14,1240
2017/3/15,1249.609985
2017/3/16,1187.810059
2017/3/17,1100.22998
2017/3/18,973.817993
2017/3/19,1036.73999
2017/3/20,1054.22998
2017/3/21,1120.540039
2017/3/22,1049.140015
2017/3/23,1038.589966
2017/3/24,937.52002
2017/3/25,972.778992
2017/3/26,966.724976
2017/3/27,1045.77002
2017/3/28,1047.150024
2017/3/29,1039.969971
2017/3/30,1026.430054
2017/3/31,1071.790039
2017/4/1,1080.5
2017/4/2,1102.170044
2017/4/3,1143.810059
2017/4/4,1133.25
2017/4/5,1124.780029
2017/4/6,1182.680054
2017/4/7,1176.900024
2017/4/8,1175.949951
2017/4/9,1187.869995
2017/4/10,1187.130005
2017/4/11,1205.01001
2017/4/12,1200.369995
2017/4/13,1169.280029
2017/4/14,1167.540039
2017/4/15,1172.52002
2017/4/16,1182.939941
2017/4/17,1193.910034
2017/4/18,1211.670044
2017/4/19,1210.290039
2017/4/20,1229.079956
2017/4/21,1222.050049
2017/4/22,1231.709961
2017/4/23,1207.209961
2017/4/24,1250.150024
2017/4/25,1265.48999
2017/4/26,1281.079956
2017/4/27,1317.72998
2017/4/28,1316.47998
2017/4/29,1321.790039
2017/4/30,1347.890015
2017/5/1,1421.599976
2017/5/2,1452.819946
2017/5/3,1490.089966
2017/5/4,1537.670044
2017/5/5,1555.449951
2017/5/6,1578.800049
2017/5/7,1596.709961
2017/5/8,1723.349976
2017/5/9,1755.359985
2017/5/10,1787.130005
2017/5/11,1848.569946
2017/5/12,1724.23999
2017/5/13,1804.910034
2017/5/14,1808.910034
2017/5/15,1738.430054
2017/5/16,1734.449951
2017/5/17,1839.089966
2017/5/18,1888.650024
2017/5/19,1987.709961
2017/5/20,2084.72998
2017/5/21,2041.199951
2017/5/22,2173.399902
2017/5/23,2320.419922
2017/5/24,2443.639893
2017/5/25,2304.97998
2017/5/26,2202.419922
2017/5/27,2038.869995
2017/5/28,2155.800049
2017/5/29,2255.610107
2017/5/30,2175.469971
2017/5/31,2286.409912
2017/6/1,2407.879883
2017/6/2,2488.550049
2017/6/3,2515.350098
2017/6/4,2511.810059
2017/6/5,2686.810059
2017/6/6,2863.199951
2017/6/7,2732.159912
2017/6/8,2805.620117
2017/6/9,2823.810059
2017/6/10,2947.709961
2017/6/11,2958.110107
2017/6/12,2659.629883
2017/6/13,2717.02002
2017/6/14,2506.370117
2017/6/15,2464.580078
2017/6/16,2518.560059
2017/6/17,2655.879883
2017/6/18,2548.290039
2017/6/19,2589.600098
2017/6/20,2721.790039
2017/6/21,2689.100098
2017/6/22,2705.409912
2017/6/23,2744.909912
2017/6/24,2608.719971
2017/6/25,2589.409912
2017/6/26,2478.449951
2017/6/27,2552.449951
2017/6/28,2574.790039
2017/6/29,2539.320068
2017/6/30,2480.840088
2017/7/1,2434.550049
2017/7/2,2506.469971
2017/7/3,2564.060059
2017/7/4,2601.639893
2017/7/5,2601.98999
2017/7/6,2608.560059
2017/7/7,2518.659912
2017/7/8,2571.340088
2017/7/9,2518.439941
2017/7/10,2372.560059
2017/7/11,2337.790039
2017/7/12,2398.840088
2017/7/13,2357.899902
2017/7/14,2233.340088
2017/7/15,1998.859985
2017/7/16,1929.819946
2017/7/17,2228.409912
2017/7/18,2318.879883
2017/7/19,2273.429932
2017/7/20,2817.600098
2017/7/21,2667.76001
2017/7/22,2810.120117
2017/7/23,2730.399902
2017/7/24,2754.860107
2017/7/25,2576.47998
2017/7/26,2529.449951
2017/7/27,2671.780029
2017/7/28,2809.01001
2017/7/29,2726.449951
2017/7/30,2757.179932
2017/7/31,2875.340088
2017/8/1,2718.26001
2017/8/2,2710.669922
2017/8/3,2804.72998
2017/8/4,2895.889893
2017/8/5,3252.909912
2017/8/6,3213.939941
2017/8/7,3378.939941
2017/8/8,3419.939941
2017/8/9,3342.469971
2017/8/10,3381.280029
2017/8/11,3650.620117
2017/8/12,3884.709961
2017/8/13,4073.26001
2017/8/14,4325.129883
2017/8/15,4181.930176
2017/8/16,4376.629883
2017/8/17,4331.689941
2017/8/18,4160.620117
2017/8/19,4193.700195
2017/8/20,4087.659912
2017/8/21,4001.73999
2017/8/22,4100.52002
2017/8/23,4151.52002
2017/8/24,4334.680176
2017/8/25,4371.600098
2017/8/26,4352.399902
2017/8/27,4382.879883
2017/8/28,4382.660156
2017/8/29,4579.02002
2017/8/30,4565.299805
2017/8/31,4703.390137
2017/9/1,4892.009766
2017/9/2,4578.77002
2017/9/3,4582.959961
2017/9/4,4236.310059
2017/9/5,4376.529785
2017/9/6,4597.120117
2017/9/7,4599.879883
2017/9/8,4228.75
2017/9/9,4226.060059
2017/9/10,4122.939941
2017/9/11,4161.27002
2017/9/12,4130.810059
2017/9/13,3882.590088
2017/9/14,3154.949951
2017/9/15,3637.52002
2017/9/16,3625.040039
2017/9/17,3582.879883
2017/9/18,4065.199951
2017/9/19,3924.969971
2017/9/20,3905.949951
2017/9/21,3631.040039
2017/9/22,3630.699951
2017/9/23,3792.399902
2017/9/24,3682.840088
2017/9/25,3926.070068
2017/9/26,3892.350098
2017/9/27,4200.669922
2017/9/28,4174.72998
2017/9/29,4163.069824
2017/9/30,4338.709961
2017/10/1,4403.740234
2017/10/2,4409.319824
2017/10/3,4317.47998
2017/10/4,4229.359863
2017/10/5,4328.410156
2017/10/6,4370.810059
2017/10/7,4426.890137
2017/10/8,4610.47998
2017/10/9,4772.02002
2017/10/10,4781.990234
2017/10/11,4826.47998
2017/10/12,5446.910156
2017/10/13,5647.209961
2017/10/14,5831.790039
2017/10/15,5678.189941
2017/10/16,5725.589844
2017/10/17,5605.509766
2017/10/18,5590.689941
2017/10/19,5708.52002
2017/10/20,6011.450195
2017/10/21,6031.600098
2017/10/22,6008.419922
2017/10/23,5930.319824
2017/10/24,5526.640137
2017/10/25,5750.799805
2017/10/26,5904.830078
2017/10/27,5780.899902
2017/10/28,5753.089844
2017/10/29,6153.850098
2017/10/30,6130.529785
2017/10/31,6468.399902
2017/11/1,6767.310059
2017/11/2,7078.5
2017/11/3,7207.759766
2017/11/4,7379.950195
2017/11/5,7407.410156
2017/11/6,7022.759766
2017/11/7,7144.379883
2017/11/8,7459.689941
2017/11/9,7143.580078
2017/11/10,6618.140137
2017/11/11,6357.600098
2017/11/12,5950.069824
2017/11/13,6559.490234
2017/11/14,6635.75
2017/11/15,7315.540039
2017/11/16,7871.689941
2017/11/17,7708.990234
2017/11/18,7790.149902
2017/11/19,8036.490234
2017/11/20,8200.639648
2017/11/21,8071.259766
2017/11/22,8253.549805
2017/11/23,8038.77002
2017/11/24,8253.69043
2017/11/25,8790.919922
2017/11/26,9330.549805
2017/11/27,9818.349609
2017/11/28,10058.79981
2017/11/29,9888.610352
2017/11/30,10233.59961
2017/12/1,10975.59961
2017/12/2,11074.59961
2017/12/3,11323.2002
2017/12/4,11657.2002
2017/12/5,11916.7002
2017/12/6,14291.5
2017/12/7,17899.69922
2017/12/8,16569.40039
2017/12/9,15178.2002
2017/12/10,15455.40039
2017/12/11,16936.80078
2017/12/12,17415.40039
2017/12/13,16408.19922
2017/12/14,16564
2017/12/15,17706.90039
2017/12/16,19497.40039
2017/12/17,19140.80078
2017/12/18,19114.19922
2017/12/19,17776.69922
2017/12/20,16624.59961
2017/12/21,15802.90039
2017/12/22,13831.79981
2017/12/23,14699.2002
2017/12/24,13925.79981
2017/12/25,14026.59961
2017/12/26,16099.79981
2017/12/27,15838.5
2017/12/28,14606.5
2017/12/29,14656.2002
2017/12/30,12952.2002
2017/12/31,14156.40039
2018/1/1,13657.2002
2018/1/2,14982.09961
2018/1/3,15201
2018/1/4,15599.2002
2018/1/5,17429.5
2018/1/6,17527
2018/1/7,16477.59961
2018/1/8,15170.09961
2018/1/9,14595.40039
2018/1/10,14973.29981
2018/1/11,13405.79981
2018/1/12,13980.59961
2018/1/13,14360.2002
2018/1/14,13772
2018/1/15,13819.79981
2018/1/16,11490.5
2018/1/17,11188.59961
2018/1/18,11474.90039
2018/1/19,11607.40039
2018/1/20,12899.2002
2018/1/21,11600.09961
2018/1/22,10931.40039
2018/1/23,10868.40039
2018/1/24,11359.40039
2018/1/25,11259.40039
2018/1/26,11171.40039
2018/1/27,11440.7002
2018/1/28,11786.29981
2018/1/29,11296.40039
2018/1/30,10106.29981
2018/1/31,10221.09961
2018/2/1,9170.540039
2018/2/2,8830.75
2018/2/3,9174.910156
2018/2/4,8277.009766
2018/2/5,6955.27002
2018/2/6,7754
2018/2/7,7621.299805
2018/2/8,8265.589844
2018/2/9,8736.980469
2018/2/10,8621.900391
2018/2/11,8129.970215
2018/2/12,8926.570313
2018/2/13,8598.30957
2018/2/14,9494.629883
2018/2/15,10166.40039
2018/2/16,10233.90039
2018/2/17,11112.7002
2018/2/18,10551.79981
2018/2/19,11225.29981
2018/2/20,11403.7002
2018/2/21,10690.40039
2018/2/22,10005
2018/2/23,10301.09961
2018/2/24,9813.070313
2018/2/25,9664.730469
2018/2/26,10366.7002
2018/2/27,10725.59961
2018/2/28,10397.90039
2018/3/1,10951
2018/3/2,11086.40039
2018/3/3,11489.7002
2018/3/4,11512.59961
2018/3/5,11573.29981
2018/3/6,10779.90039
2018/3/7,9965.570313
2018/3/8,9395.009766
2018/3/9,9337.549805
2018/3/10,8866
2018/3/11,9578.629883
2018/3/12,9205.120117
2018/3/13,9194.849609
2018/3/14,8269.80957
2018/3/15,8300.860352
2018/3/16,8338.349609
2018/3/17,7916.879883
2018/3/18,8223.679688
2018/3/19,8630.650391
2018/3/20,8913.469727
2018/3/21,8929.280273
2018/3/22,8728.469727
2018/3/23,8879.620117
2018/3/24,8668.120117
2018/3/25,8495.780273
2018/3/26,8209.400391
2018/3/27,7833.040039
2018/3/28,7954.47998
2018/3/29,7165.700195
2018/3/30,6890.52002
2018/3/31,6973.529785
2018/4/1,6844.22998
2018/4/2,7083.799805
2018/4/3,7456.109863
2018/4/4,6853.839844
2018/4/5,6811.470215
2018/4/6,6636.319824
2018/4/7,6911.089844
2018/4/8,7023.52002
2018/4/9,6770.72998
2018/4/10,6834.759766
2018/4/11,6968.319824
2018/4/12,7889.25
2018/4/13,7895.959961
2018/4/14,7986.240234
2018/4/15,8329.110352
2018/4/16,8058.669922
2018/4/17,7902.089844
2018/4/18,8163.419922
2018/4/19,8294.30957
2018/4/20,8845.830078
2018/4/21,8895.580078
2018/4/22,8802.459961
2018/4/23,8930.879883
2018/4/24,9697.5
2018/4/25,8845.740234
2018/4/26,9281.509766
2018/4/27,8987.049805
2018/4/28,9348.480469
2018/4/29,9419.080078
2018/4/30,9240.549805
2018/5/1,9119.009766
2018/5/2,9235.919922
2018/5/3,9743.860352
2018/5/4,9700.759766
2018/5/5,9858.150391
2018/5/6,9654.799805
2018/5/7,9373.009766
2018/5/8,9234.820313
2018/5/9,9325.179688
2018/5/10,9043.94043
2018/5/11,8441.490234
2018/5/12,8504.889648
2018/5/13,8723.94043
2018/5/14,8716.790039
2018/5/15,8510.379883
2018/5/16,8368.830078
2018/5/17,8094.319824
2018/5/18,8250.969727
2018/5/19,8247.179688
2018/5/20,8513.25
2018/5/21,8418.990234
2018/5/22,8041.779785
2018/5/23,7557.819824
2018/5/24,7587.339844
2018/5/25,7480.140137
2018/5/26,7355.879883
2018/5/27,7368.220215
2018/5/28,7135.990234
2018/5/29,7472.589844
2018/5/30,7406.52002
2018/5/31,7494.169922
2018/6/1,7541.450195
2018/6/2,7643.450195
2018/6/3,7720.25
2018/6/4,7514.470215
2018/6/5,7633.759766
2018/6/6,7653.97998
2018/6/7,7678.240234
2018/6/8,7624.919922
2018/6/9,7531.97998
2018/6/10,6786.02002
2018/6/11,6906.919922
2018/6/12,6582.359863
2018/6/13,6349.899902
2018/6/14,6675.350098
2018/6/15,6456.580078
2018/6/16,6550.160156
2018/6/17,6499.27002
2018/6/18,6734.819824
2018/6/19,6769.939941
2018/6/20,6776.549805
2018/6/21,6729.740234
2018/6/22,6083.689941
2018/6/23,6162.47998
2018/6/24,6173.22998
2018/6/25,6249.180176
2018/6/26,6093.669922
2018/6/27,6157.129883
2018/6/28,5903.439941
2018/6/29,6218.299805
2018/6/30,6404
2018/7/1,6385.819824
2018/7/2,6614.180176
2018/7/3,6529.589844
2018/7/4,6597.549805
2018/7/5,6639.140137
2018/7/6,6673.5
2018/7/7,6856.930176
2018/7/8,6773.879883
2018/7/9,6741.75
2018/7/10,6329.950195
2018/7/11,6394.709961
2018/7/12,6228.810059
2018/7/13,6238.049805
2018/7/14,6276.120117
2018/7/15,6359.640137
2018/7/16,6741.75
2018/7/17,7321.040039
2018/7/18,7370.779785
2018/7/19,7466.859863
2018/7/20,7354.129883
2018/7/21,7419.290039
2018/7/22,7418.490234
2018/7/23,7711.109863
2018/7/24,8424.269531
2018/7/25,8181.390137
2018/7/26,7951.580078
2018/7/27,8165.009766
2018/7/28,8192.150391
2018/7/29,8218.459961
2018/7/30,8180.47998
2018/7/31,7780.439941
2018/8/1,7624.910156
2018/8/2,7567.149902
2018/8/3,7434.390137
2018/8/4,7032.850098
2018/8/5,7068.47998
2018/8/6,6951.799805
2018/8/7,6753.120117
2018/8/8,6305.799805
2018/8/9,6568.22998
2018/8/10,6184.709961
2018/8/11,6295.72998
2018/8/12,6322.689941
2018/8/13,6297.569824
2018/8/14,6199.709961
2018/8/15,6308.52002
2018/8/16,6334.72998
2018/8/17,6580.629883
2018/8/18,6423.759766
2018/8/19,6506.069824
2018/8/20,6308.529785
2018/8/21,6488.759766
2018/8/22,6376.709961
2018/8/23,6534.879883
2018/8/24,6719.959961
2018/8/25,6763.189941
2018/8/26,6707.259766
2018/8/27,6884.640137
2018/8/28,7096.279785
2018/8/29,7047.160156
2018/8/30,6978.22998
2018/8/31,7037.580078
2018/9/1,7193.25
2018/9/2,7272.720215
2018/9/3,7260.060059
2018/9/4,7361.660156
2018/9/5,6792.830078
2018/9/6,6529.169922
2018/9/7,6467.069824
2018/9/8,6225.97998
2018/9/9,6300.859863
2018/9/10,6329.700195
2018/9/11,6321.200195
2018/9/12,6351.799805
2018/9/13,6517.310059
2018/9/14,6512.709961
2018/9/15,6543.200195
2018/9/16,6517.180176
2018/9/17,6281.200195
2018/9/18,6371.299805
2018/9/19,6398.540039
2018/9/20,6519.669922
2018/9/21,6734.950195
2018/9/22,6721.97998
2018/9/23,6710.629883
2018/9/24,6595.410156
2018/9/25,6446.470215
2018/9/26,6495
2018/9/27,6676.75
2018/9/28,6644.129883
2018/9/29,6601.959961
2018/9/30,6625.560059
2018/10/1,6589.620117
2018/10/2,6556.100098
2018/10/3,6502.589844
2018/10/4,6576.689941
2018/10/5,6622.47998
2018/10/6,6588.310059
2018/10/7,6602.950195
2018/10/8,6652.22998
2018/10/9,6642.640137
2018/10/10,6585.529785
2018/10/11,6256.240234
2018/10/12,6274.580078
2018/10/13,6285.990234
2018/10/14,6290.930176
2018/10/15,6596.540039
2018/10/16,6596.109863
2018/10/17,6544.430176
2018/10/18,6476.709961
2018/10/19,6465.410156
2018/10/20,6489.189941
2018/10/21,6482.350098
2018/10/22,6487.160156
2018/10/23,6475.740234
2018/10/24,6495.839844
2018/10/25,6476.290039
2018/10/26,6474.75
2018/10/27,6480.379883
2018/10/28,6486.390137
2018/10/29,6332.629883
2018/10/30,6334.27002
2018/10/31,6317.609863
2018/11/1,6377.779785
2018/11/2,6388.439941
2018/11/3,6361.259766
2018/11/4,6376.129883
2018/11/5,6419.660156
2018/11/6,6461.009766
2018/11/7,6530.140137
2018/11/8,6453.720215
2018/11/9,6385.620117
2018/11/10,6409.220215
2018/11/11,6411.27002
2018/11/12,6371.27002
2018/11/13,6359.490234
2018/11/14,5738.350098
2018/11/15,5648.029785
2018/11/16,5575.549805
2018/11/17,5554.330078
2018/11/18,5623.540039
2018/11/19,4871.490234
2018/11/20,4451.870117
2018/11/21,4602.169922
2018/11/22,4365.939941
2018/11/23,4347.109863
2018/11/24,3880.76001
2018/11/25,4009.969971
2018/11/26,3779.129883
2018/11/27,3820.719971
2018/11/28,4257.419922
2018/11/29,4278.84668
2018/11/30,4017.268555
2018/12/1,4214.671875
2018/12/2,4139.87793
2018/12/3,3894.130859
2018/12/4,3956.893799
2018/12/5,3753.994873
2018/12/6,3521.101807
2018/12/7,3419.937256
2018/12/8,3476.114746
2018/12/9,3614.234375
2018/12/10,3502.656006
2018/12/11,3424.588135
2018/12/12,3486.950195
2018/12/13,3313.677246
2018/12/14,3242.484863
2018/12/15,3236.761719
2018/12/16,3252.839111
2018/12/17,3545.864746
2018/12/18,3696.059082
2018/12/19,3745.950684
2018/12/20,4134.441406
2018/12/21,3896.543701
2018/12/22,4014.182617
2018/12/23,3998.980225
2018/12/24,4078.599121
2018/12/25,3815.490723
2018/12/26,3857.297607
2018/12/27,3654.833496
2018/12/28,3923.918701
2018/12/29,3820.408691
2018/12/30,3865.952637
2018/12/31,3742.700439
2019/1/1,3843.52002
2019/1/2,3943.409424
2019/1/3,3836.741211
2019/1/4,3857.717529
2019/1/5,3845.19458
2019/1/6,4076.632568
2019/1/7,4025.248291
2019/1/8,4030.8479
2019/1/9,4035.296387
2019/1/10,3678.924561
2019/1/11,3687.365479
2019/1/12,3661.301025
2019/1/13,3552.953125
2019/1/14,3706.052246
2019/1/15,3630.675293
2019/1/16,3655.006836
2019/1/17,3678.563965
2019/1/18,3657.839355
2019/1/19,3728.568359
2019/1/20,3601.013672
2019/1/21,3576.032471
2019/1/22,3604.577148
2019/1/23,3585.123047
2019/1/24,3600.865479
2019/1/25,3599.765869
2019/1/26,3602.460449
2019/1/27,3583.96582
2019/1/28,3470.450439
2019/1/29,3448.116943
2019/1/30,3486.181641
2019/1/31,3457.792725
2019/2/1,3487.945313
2019/2/2,3521.060791
2019/2/3,3464.013428
2019/2/4,3459.154053
2019/2/5,3466.357422
2019/2/6,3413.767822
2019/2/7,3399.47168
2019/2/8,3666.780273
2019/2/9,3671.203613
2019/2/10,3690.188232
2019/2/11,3648.430664
2019/2/12,3653.528564
2019/2/13,3632.070557
2019/2/14,3616.880859
2019/2/15,3620.810791
2019/2/16,3629.787598
2019/2/17,3673.836182
2019/2/18,3915.714355
2019/2/19,3947.094482
2019/2/20,3999.820557
2019/2/21,3954.118164
2019/2/22,4005.526611
2019/2/23,4142.526855
2019/2/24,3810.42749
2019/2/25,3882.696289
2019/2/26,3854.35791
2019/2/27,3851.047363
2019/2/28,3854.7854
2019/3/1,3859.58374
2019/3/2,3864.415039
2019/3/3,3847.175781
2019/3/4,3761.557129
2019/3/5,3896.375
2019/3/6,3903.942627
2019/3/7,3911.484375
2019/3/8,3901.131592
2019/3/9,3963.313721
2019/3/10,3951.599854
2019/3/11,3905.227295
2019/3/12,3909.15625
2019/3/13,3906.717285
2019/3/14,3924.369141
2019/3/15,3960.911133
2019/3/16,4048.72583
2019/3/17,4025.229004
2019/3/18,4032.507324
2019/3/19,4071.190186
2019/3/20,4087.476318
2019/3/21,4029.326904
2019/3/22,4023.968262
2019/3/23,4035.826416
2019/3/24,4022.168213
2019/3/25,3963.070557
2019/3/26,3985.080811
2019/3/27,4087.066162
2019/3/28,4069.107178
2019/3/29,4098.374512
2019/3/30,4106.660156
2019/3/31,4105.404297
2019/4/1,4158.183105
2019/4/2,4879.87793
2019/4/3,4973.021973
2019/4/4,4922.798828
2019/4/5,5036.681152
2019/4/6,5059.817383
2019/4/7,5198.896973
2019/4/8,5289.770996
2019/4/9,5204.958496
2019/4/10,5324.551758
2019/4/11,5064.487793
2019/4/12,5089.539063
2019/4/13,5096.586426
2019/4/14,5167.722168
2019/4/15,5067.108398
2019/4/16,5235.55957
2019/4/17,5251.937988
2019/4/18,5298.385742
2019/4/19,5303.8125
2019/4/20,5337.88623
2019/4/21,5314.53125
2019/4/22,5399.365234
2019/4/23,5572.362305
2019/4/24,5464.866699
2019/4/25,5210.515625
2019/4/26,5279.348145
2019/4/27,5268.291016
2019/4/28,5285.13916
2019/4/29,5247.352539
2019/4/30,5350.726563
2019/5/1,5402.697266
2019/5/2,5505.283691
2019/5/3,5768.289551
2019/5/4,5831.16748
2019/5/5,5795.708496
2019/5/6,5746.807129
2019/5/7,5829.501465
2019/5/8,5982.45752
2019/5/9,6174.528809
2019/5/10,6378.849121
2019/5/11,7204.771484
2019/5/12,6972.371582
2019/5/13,7814.915039
2019/5/14,7994.416016
2019/5/15,8205.167969
2019/5/16,7884.90918
2019/5/17,7343.895508
2019/5/18,7271.208008
2019/5/19,8197.689453
2019/5/20,7978.309082
2019/5/21,7963.327637
2019/5/22,7680.066406
2019/5/23,7881.84668
2019/5/24,7987.371582
2019/5/25,8052.543945
2019/5/26,8673.21582
2019/5/27,8805.77832
2019/5/28,8719.961914
2019/5/29,8659.487305
2019/5/30,8319.472656
2019/5/31,8574.501953
2019/6/1,8564.016602
2019/6/2,8742.958008
2019/6/3,8208.995117
2019/6/4,7707.770996
2019/6/5,7824.231445
2019/6/6,7822.023438
2019/6/7,8043.951172
2019/6/8,7954.12793
2019/6/9,7688.077148
2019/6/10,8000.32959
2019/6/11,7927.714355
2019/6/12,8145.857422
2019/6/13,8230.923828
2019/6/14,8693.833008
2019/6/15,8838.375
2019/6/16,8994.488281
2019/6/17,9320.352539
2019/6/18,9081.762695
2019/6/19,9273.521484
2019/6/20,9527.160156
2019/6/21,10144.55664
2019/6/22,10701.69141
2019/6/23,10855.37109
2019/6/24,11011.10254
2019/6/25,11790.91699
2019/6/26,13016.23145
2019/6/27,11182.80664
2019/6/28,12407.33203
2019/6/29,11959.37109
2019/6/30,10817.15527
2019/7/1,10583.13477
2019/7/2,10801.67773
2019/7/3,11961.26953
2019/7/4,11215.4375
2019/7/5,10978.45996
2019/7/6,11208.55078
2019/7/7,11450.84668
2019/7/8,12285.95801
2019/7/9,12573.8125
2019/7/10,12156.5127
2019/7/11,11358.66211
2019/7/12,11815.98633
2019/7/13,11392.37891
2019/7/14,10256.05859
2019/7/15,10895.08984
2019/7/16,9477.641602
2019/7/17,9693.802734
2019/7/18,10666.48242
2019/7/19,10530.73242
2019/7/20,10767.13965
2019/7/21,10599.10547
2019/7/22,10343.10645
2019/7/23,9900.767578
2019/7/24,9811.925781
2019/7/25,9911.841797
2019/7/26,9870.303711
2019/7/27,9477.677734
2019/7/28,9552.860352
2019/7/29,9519.145508
2019/7/30,9607.423828
2019/7/31,10085.62793
2019/8/1,10399.66895
2019/8/2,10518.17481
2019/8/3,10821.72656
2019/8/4,10970.18457
2019/8/5,11805.65332
2019/8/6,11478.16895
2019/8/7,11941.96875
2019/8/8,11966.40723
2019/8/9,11862.93652
2019/8/10,11354.02441
2019/8/11,11523.5791
2019/8/12,11382.61621
2019/8/13,10895.83008
2019/8/14,10051.7041
2019/8/15,10311.5459
2019/8/16,10374.33887
2019/8/17,10231.74414
2019/8/18,10345.81055
2019/8/19,10916.05371
2019/8/20,10763.23242
2019/8/21,10138.04981
2019/8/22,10131.05566
2019/8/23,10407.96484
2019/8/24,10159.96094
2019/8/25,10138.51758
2019/8/26,10370.82031
2019/8/27,10185.5
2019/8/28,9754.422852
2019/8/29,9510.200195
2019/8/30,9598.173828
2019/8/31,9630.664063
2019/9/1,9757.970703
2019/9/2,10346.76074
2019/9/3,10623.54004
2019/9/4,10594.49316
2019/9/5,10575.5332
2019/9/6,10353.30273
2019/9/7,10517.25488
2019/9/8,10441.27637
2019/9/9,10334.97461
2019/9/10,10115.97559
2019/9/11,10178.37207
2019/9/12,10410.12695
2019/9/13,10360.54688
2019/9/14,10358.04883
2019/9/15,10347.71289
2019/9/16,10276.79395
2019/9/17,10241.27246
2019/9/18,10198.24805
2019/9/19,10266.41504
2019/9/20,10181.6416
2019/9/21,10019.7168
2019/9/22,10070.39258
2019/9/23,9729.324219
2019/9/24,8620.566406
2019/9/25,8486.993164
2019/9/26,8118.967773
2019/9/27,8251.845703
2019/9/28,8245.915039
2019/9/29,8104.185547
2019/9/30,8293.868164
2019/10/1,8343.276367
2019/10/2,8393.041992
2019/10/3,8259.992188
2019/10/4,8205.939453
2019/10/5,8151.500488
2019/10/6,7988.155762
2019/10/7,8245.623047
2019/10/8,8228.783203
2019/10/9,8595.740234
2019/10/10,8586.473633
2019/10/11,8321.756836
2019/10/12,8336.555664
2019/10/13,8321.005859
2019/10/14,8374.686523
2019/10/15,8205.369141
2019/10/16,8047.526855
2019/10/17,8103.911133
2019/10/18,7973.20752
2019/10/19,7988.560547
2019/10/20,8222.078125
2019/10/21,8243.720703
2019/10/22,8078.203125
2019/10/23,7514.671875
2019/10/24,7493.48877
2019/10/25,8660.700195
2019/10/26,9244.972656
2019/10/27,9551.714844
2019/10/28,9256.148438
2019/10/29,9427.6875
2019/10/30,9205.726563
2019/10/31,9199.584961
2019/11/1,9261.104492
2019/11/2,9324.717773
2019/11/3,9235.354492
2019/11/4,9412.612305
2019/11/5,9342.527344
2019/11/6,9360.879883
2019/11/7,9267.561523
2019/11/8,8804.880859
2019/11/9,8813.582031
2019/11/10,9055.526367
2019/11/11,8757.788086
2019/11/12,8815.662109
2019/11/13,8808.262695
2019/11/14,8708.094727
2019/11/15,8491.992188
2019/11/16,8550.760742
2019/11/17,8577.975586
2019/11/18,8309.286133
2019/11/19,8206.145508
2019/11/20,8027.268066
2019/11/21,7642.75
2019/11/22,7296.577637
2019/11/23,7397.796875
2019/11/24,7047.916992
2019/11/25,7146.133789
2019/11/26,7218.371094
2019/11/27,7531.663574
2019/11/28,7463.105957
2019/11/29,7761.243652
2019/11/30,7569.629883
2019/12/1,7424.29248
2019/12/2,7321.988281
2019/12/3,7320.145508
2019/12/4,7252.034668
2019/12/5,7448.307617
2019/12/6,7546.996582
2019/12/7,7556.237793
2019/12/8,7564.345215
2019/12/9,7400.899414
2019/12/10,7278.119629
2019/12/11,7217.427246
2019/12/12,7243.134277
2019/12/13,7269.68457
2019/12/14,7124.673828
2019/12/15,7152.301758
2019/12/16,6932.480469
2019/12/17,6640.515137
2019/12/18,7276.802734
2019/12/19,7202.844238
2019/12/20,7218.816406
2019/12/21,7191.158691
2019/12/22,7511.588867
2019/12/23,7355.628418
2019/12/24,7322.532227
2019/12/25,7275.155762
2019/12/26,7238.966797
2019/12/27,7290.088379
2019/12/28,7317.990234
2019/12/29,7422.652832
2019/12/30,7292.995117
2019/12/31,7193.599121
2020/1/1,7200.174316
2020/1/2,6985.470215
2020/1/3,7344.884277
2020/1/4,7410.656738
2020/1/5,7411.317383
2020/1/6,7769.219238
2020/1/7,8163.692383
2020/1/8,8079.862793
2020/1/9,7879.071289
2020/1/10,8166.554199
2020/1/11,8037.537598
2020/1/12,8192.494141
2020/1/13,8144.194336
2020/1/14,8827.764648
2020/1/15,8807.010742
2020/1/16,8723.786133
2020/1/17,8929.038086
2020/1/18,8942.808594
2020/1/19,8706.245117
2020/1/20,8657.642578
2020/1/21,8745.894531
2020/1/22,8680.875977
2020/1/23,8406.515625
2020/1/24,8445.43457
2020/1/25,8367.847656
2020/1/26,8596.830078
2020/1/27,8909.819336
2020/1/28,9358.589844
2020/1/29,9316.629883
2020/1/30,9508.993164
2020/1/31,9350.529297
2020/2/1,9392.875
2020/2/2,9344.365234
2020/2/3,9293.521484
2020/2/4,9180.962891
2020/2/5,9613.423828
2020/2/6,9729.801758
2020/2/7,9795.943359
2020/2/8,9865.119141
2020/2/9,10116.67383
2020/2/10,9856.611328
2020/2/11,10208.23633
2020/2/12,10326.05469
2020/2/13,10214.37988
2020/2/14,10312.11621
2020/2/15,9889.424805
2020/2/16,9934.433594
2020/2/17,9690.142578
2020/2/18,10141.99609
2020/2/19,9633.386719
2020/2/20,9608.475586
2020/2/21,9686.441406
2020/2/22,9663.181641
2020/2/23,9924.515625
2020/2/24,9650.174805
2020/2/25,9341.705078
2020/2/26,8820.522461
2020/2/27,8784.494141
2020/2/28,8672.455078
2020/2/29,8599.508789
2020/3/1,8562.454102
2020/3/2,8869.669922
2020/3/3,8787.786133
2020/3/4,8755.246094
2020/3/5,9078.762695
2020/3/6,9122.545898
2020/3/7,8909.954102
2020/3/8,8108.116211
2020/3/9,7923.644531
2020/3/10,7909.729492
2020/3/11,7911.430176
2020/3/12,4970.788086
2020/3/13,5563.707031
2020/3/14,5200.366211
2020/3/15,5392.314941
2020/3/16,5014.47998
2020/3/17,5225.629395
2020/3/18,5238.438477
2020/3/19,6191.192871
2020/3/20,6198.77832
2020/3/21,6185.066406
2020/3/22,5830.254883
2020/3/23,6416.314941
2020/3/24,6734.803711
2020/3/25,6681.062988
2020/3/26,6716.44043
2020/3/27,6469.79834
2020/3/28,6242.193848
2020/3/29,5922.042969
2020/3/30,6429.841797
2020/3/31,6438.644531
2020/4/1,6606.776367
2020/4/2,6793.624512
2020/4/3,6733.387207
2020/4/4,6867.527344
2020/4/5,6791.129395
2020/4/6,7271.78125
2020/4/7,7176.414551
2020/4/8,7334.098633
2020/4/9,7302.089355
2020/4/10,6865.493164
2020/4/11,6859.083008
2020/4/12,6971.091797
2020/4/13,6845.037598
2020/4/14,6842.427734
2020/4/15,6642.109863
2020/4/16,7116.804199
2020/4/17,7096.18457
2020/4/18,7257.665039
2020/4/19,7189.424805
2020/4/20,6881.958496
2020/4/21,6880.323242
2020/4/22,7117.20752
2020/4/23,7429.724609
2020/4/24,7550.900879
2020/4/25,7569.936035
2020/4/26,7679.867188
2020/4/27,7795.601074
2020/4/28,7807.058594
2020/4/29,8801.038086
2020/4/30,8658.553711
2020/5/1,8864.766602
2020/5/2,8988.59668
2020/5/3,8897.46875
2020/5/4,8912.654297
2020/5/5,9003.070313
2020/5/6,9268.761719
2020/5/7,9951.518555
2020/5/8,9842.666016
2020/5/9,9593.896484
2020/5/10,8756.430664
2020/5/11,8601.795898
2020/5/12,8804.477539
2020/5/13,9269.987305
2020/5/14,9733.72168
2020/5/15,9328.197266
2020/5/16,9377.013672
2020/5/17,9670.739258
2020/5/18,9726.575195
2020/5/19,9729.038086
2020/5/20,9522.981445
2020/5/21,9081.761719
2020/5/22,9182.577148
2020/5/23,9209.287109
2020/5/24,8790.368164
2020/5/25,8906.93457
2020/5/26,8835.052734
2020/5/27,9181.017578
2020/5/28,9525.750977
2020/5/29,9439.124023
2020/5/30,9700.414063
2020/5/31,9461.058594
2020/6/1,10167.26856
2020/6/2,9529.803711
2020/6/3,9656.717773
2020/6/4,9800.636719
2020/6/5,9665.533203
2020/6/6,9653.679688
2020/6/7,9758.852539
2020/6/8,9771.489258
2020/6/9,9795.700195
2020/6/10,9870.094727
2020/6/11,9321.78125
2020/6/12,9480.84375
2020/6/13,9475.277344
2020/6/14,9386.788086
2020/6/15,9450.702148
2020/6/16,9538.024414
2020/6/17,9480.254883
2020/6/18,9411.84082
2020/6/19,9288.018555
2020/6/20,9332.34082
2020/6/21,9303.629883
2020/6/22,9648.717773
2020/6/23,9629.658203
2020/6/24,9313.610352
2020/6/25,9264.813477
2020/6/26,9162.917969
2020/6/27,9045.390625
2020/6/28,9143.582031
2020/6/29,9190.854492
2020/6/30,9137.993164
2020/7/1,9228.325195
2020/7/2,9123.410156
2020/7/3,9087.303711
2020/7/4,9132.488281
2020/7/5,9073.942383
2020/7/6,9375.474609
2020/7/7,9252.277344
2020/7/8,9428.333008
2020/7/9,9277.967773
2020/7/10,9278.807617
2020/7/11,9240.34668
2020/7/12,9276.5
2020/7/13,9243.614258
2020/7/14,9243.213867
2020/7/15,9192.836914
2020/7/16,9132.227539
2020/7/17,9151.392578
2020/7/18,9159.040039
2020/7/19,9185.817383
2020/7/20,9164.231445
2020/7/21,9374.887695
2020/7/22,9525.363281
2020/7/23,9581.072266
2020/7/24,9536.892578
2020/7/25,9677.113281
2020/7/26,9905.166992
2020/7/27,10990.87305
2020/7/28,10912.82324
2020/7/29,11100.46777
2020/7/30,11111.21387
2020/7/31,11323.4668
2020/8/1,11759.59277
2020/8/2,11053.61426
2020/8/3,11246.34863
2020/8/4,11205.89258
2020/8/5,11747.02246
2020/8/6,11779.77344
2020/8/7,11601.47266
2020/8/8,11754.0459
2020/8/9,11675.73926
2020/8/10,11878.11133
2020/8/11,11410.52539
2020/8/12,11584.93457
2020/8/13,11784.1377
2020/8/14,11768.87109
2020/8/15,11865.69824
2020/8/16,11892.80371
2020/8/17,12254.40234
2020/8/18,11991.2334
2020/8/19,11758.2832
2020/8/20,11878.37207
2020/8/21,11592.48926
2020/8/22,11681.8252
2020/8/23,11664.84766
2020/8/24,11774.5957
2020/8/25,11366.13477
2020/8/26,11488.36328
2020/8/27,11323.39746
2020/8/28,11542.5
2020/8/29,11506.86523
2020/8/30,11711.50586
2020/8/31,11680.82031
2020/9/1,11970.47852
2020/9/2,11414.03418
2020/9/3,10245.29688
2020/9/4,10511.81348
2020/9/5,10169.56738
2020/9/6,10280.35156
2020/9/7,10369.56348
2020/9/8,10131.5166
2020/9/9,10242.34766
2020/9/10,10363.13867
2020/9/11,10400.91504
2020/9/12,10442.1709
2020/9/13,10323.75586
2020/9/14,10680.83789
2020/9/15,10796.95117
2020/9/16,10974.90527
2020/9/17,10948.99023
2020/9/18,10944.58594
2020/9/19,11094.34668
2020/9/20,10938.27148
2020/9/21,10462.25977
2020/9/22,10538.45996
2020/9/23,10246.18652
2020/9/24,10760.06641
2020/9/25,10692.7168
2020/9/26,10750.72363
2020/9/27,10775.26953
2020/9/28,10709.65234
2020/9/29,10844.64063
2020/9/30,10784.49121
2020/10/1,10619.45215
2020/10/2,10575.97461
2020/10/3,10549.3291
2020/10/4,10669.58301
2020/10/5,10793.33984
2020/10/6,10604.40625
2020/10/7,10668.96875
2020/10/8,10915.68555
2020/10/9,11064.45801
2020/10/10,11296.36133
2020/10/11,11384.18164
2020/10/12,11555.36328
2020/10/13,11425.89941
2020/10/14,11429.50684
2020/10/15,11495.34961
2020/10/16,11322.12305
2020/10/17,11358.10156
2020/10/18,11483.35938
2020/10/19,11742.03711
2020/10/20,11916.33496
2020/10/21,12823.68945
2020/10/22,12965.8916
2020/10/23,12931.53906
2020/10/24,13108.0625
2020/10/25,13031.17383
2020/10/26,13075.24805
2020/10/27,13654.21875
2020/10/28,13271.28516
2020/10/29,13437.88281
2020/10/30,13546.52246
2020/10/31,13780.99512
2020/11/1,13737.10938
2020/11/2,13550.48926
2020/11/3,13950.30078
2020/11/4,14133.70703
2020/11/5,15579.84863
2020/11/6,15565.88086
2020/11/7,14833.75391
2020/11/8,15479.56738
2020/11/9,15332.31543
2020/11/10,15290.90234
2020/11/11,15701.33984
2020/11/12,16276.34375
2020/11/13,16317.80859
2020/11/14,16068.13867
2020/11/15,15955.58789
2020/11/16,16716.11133
2020/11/17,17645.40625
2020/11/18,17804.00586
2020/11/19,17817.08984
2020/11/20,18621.31445
2020/11/21,18642.23242
2020/11/22,18370.00195
2020/11/23,18364.12109
2020/11/24,19107.46484
2020/11/25,18732.12109
2020/11/26,17150.62305
2020/11/27,17108.40234
2020/11/28,17717.41406
2020/11/29,18177.48438
2020/11/30,19625.83594
2020/12/1,18802.99805
2020/12/2,19201.0918
2020/12/3,19445.39844
2020/12/4,18699.76563
2020/12/5,19154.23047
2020/12/6,19345.12109
2020/12/7,19191.63086
2020/12/8,18321.14453
2020/12/9,18553.91602
2020/12/10,18264.99219
2020/12/11,18058.9043
2020/12/12,18803.65625
2020/12/13,19142.38281
2020/12/14,19246.64453
2020/12/15,19417.07617
2020/12/16,21310.59766
2020/12/17,22805.16211
2020/12/18,23137.96094
2020/12/19,23869.83203
2020/12/20,23477.29492
2020/12/21,22803.08203
2020/12/22,23783.0293
2020/12/23,23241.3457
2020/12/24,23735.94922
2020/12/25,24664.79102
2020/12/26,26437.03711
2020/12/27,26272.29492
2020/12/28,27084.80859
2020/12/29,27362.4375
2020/12/30,28840.95313
2020/12/31,29001.7207
2021/1/1,29374.15234
2021/1/2,32127.26758
2021/1/3,32782.02344
2021/1/4,31971.91406
2021/1/5,33992.42969
2021/1/6,36824.36328
2021/1/7,39371.04297
2021/1/8,40797.60938
2021/1/9,40254.54688
2021/1/10,38356.44141
2021/1/11,35566.65625
2021/1/12,33922.96094
2021/1/13,37316.35938
2021/1/14,39187.32813
2021/1/15,36825.36719
2021/1/16,36178.14063
2021/1/17,35791.27734
2021/1/18,36630.07422
2021/1/19,36069.80469
2021/1/20,35547.75
2021/1/21,30825.69922
2021/1/22,33005.76172
2021/1/23,32067.64258
2021/1/24,32289.37891
2021/1/25,32366.39258
2021/1/26,32569.84961
2021/1/27,30432.54688
2021/1/28,33466.09766
2021/1/29,34316.38672
2021/1/30,34269.52344
2021/1/31,33114.35938
2021/2/1,33537.17578
2021/2/2,35510.28906
2021/2/3,37472.08984
2021/2/4,36926.06641
2021/2/5,38144.30859
2021/2/6,39266.01172
2021/2/7,38903.44141
2021/2/8,46196.46484
2021/2/9,46481.10547
2021/2/10,44918.18359
2021/2/11,47909.33203
2021/2/12,47504.85156
2021/2/13,47105.51563
2021/2/14,48717.28906
2021/2/15,47945.05859
2021/2/16,49199.87109
2021/2/17,52149.00781
2021/2/18,51679.79688
2021/2/19,55888.13281
2021/2/20,56099.51953
2021/2/21,57539.94531
2021/2/22,54207.32031
2021/2/23,48824.42578
2021/2/24,49705.33203
2021/2/25,47093.85156
2021/2/26,46339.76172
2021/2/27,46188.45313
2021/2/28,45137.76953
2021/3/1,49631.24219
2021/3/2,48378.98828
2021/3/3,50538.24219
2021/3/4,48561.16797
2021/3/5,48927.30469
2021/3/6,48912.38281
2021/3/7,51206.69141
2021/3/8,52246.52344
2021/3/9,54824.11719
2021/3/10,56008.55078
2021/3/11,57805.12109
2021/3/12,57332.08984
2021/3/13,61243.08594
2021/3/14,59302.31641
2021/3/15,55907.19922
2021/3/16,56804.90234
2021/3/17,58870.89453
2021/3/18,57858.92188
2021/3/19,58346.65234
2021/3/20,58313.64453
2021/3/21,57523.42188
2021/3/22,54529.14453
2021/3/23,54738.94531
2021/3/24,52774.26563
2021/3/25,51704.16016
2021/3/26,55137.3125
2021/3/27,55973.51172
2021/3/28,55950.74609
2021/3/29,57750.19922
2021/3/30,58917.69141
2021/3/31,58918.83203
2021/4/1,59095.80859
2021/4/2,59384.3125
2021/4/3,57603.89063
2021/4/4,58758.55469
2021/4/5,59057.87891
2021/4/6,58192.35938
2021/4/7,56048.9375
2021/4/8,58323.95313
2021/4/9,58245.00391
2021/4/10,59793.23438
2021/4/11,60204.96484
2021/4/12,59893.45313
2021/4/13,63503.45703
2021/4/14,63109.69531
2021/4/15,63314.01172
2021/4/16,61572.78906
2021/4/17,60683.82031
2021/4/18,56216.18359
2021/4/19,55724.26563
2021/4/20,56473.03125
2021/4/21,53906.08984
2021/4/22,51762.27344
2021/4/23,51093.65234
2021/4/24,50050.86719
2021/4/25,49004.25391
2021/4/26,54021.75391
2021/4/27,55033.11719
2021/4/28,54824.70313
2021/4/29,53555.10938
2021/4/30,57750.17578
2021/5/1,57828.05078
2021/5/2,56631.07813
2021/5/3,57200.29297
2021/5/4,53333.53906
2021/5/5,57424.00781
2021/5/6,56396.51563
2021/5/7,57356.40234
2021/5/8,58803.77734
2021/5/9,58232.31641
2021/5/10,55859.79688
2021/5/11,56704.57422
2021/5/12,49150.53516
2021/5/13,49716.19141
2021/5/14,49880.53516
2021/5/15,46760.1875
2021/5/16,46456.05859
2021/5/17,43537.51172
2021/5/18,42909.40234
2021/5/19,37002.44141
2021/5/20,40782.73828
2021/5/21,37304.69141
2021/5/22,37536.63281
2021/5/23,34770.58203
2021/5/24,38705.98047
2021/5/25,38402.22266
2021/5/26,39294.19922
2021/5/27,38436.96875
2021/5/28,35697.60547
2021/5/29,34616.06641
2021/5/30,35678.12891
2021/5/31,37332.85547
2021/6/1,36684.92578
2021/6/2,37575.17969
2021/6/3,39208.76563
2021/6/4,36894.40625
2021/6/5,35551.95703
2021/6/6,35862.37891
2021/6/7,33560.70703
2021/6/8,33472.63281
2021/6/9,37345.12109
2021/6/10,36702.59766
2021/6/11,37334.39844
2021/6/12,35552.51563
2021/6/13,39097.85938
2021/6/14,40218.47656
2021/6/15,40406.26953
2021/6/16,38347.0625
2021/6/17,38053.50391
2021/6/18,35787.24609
2021/6/19,35615.87109
2021/6/20,35698.29688
2021/6/21,31676.69336
2021/6/22,32505.66016
2021/6/23,33723.02734
2021/6/24,34662.4375
2021/6/25,31637.7793
2021/6/26,32186.27734
2021/6/27,34649.64453
2021/6/28,34434.33594
2021/6/29,35867.77734
2021/6/30,35040.83594
2021/7/1,33572.11719
2021/7/2,33897.04688
2021/7/3,34668.54688
2021/7/4,35287.78125
2021/7/5,33746.00391
2021/7/6,34235.19531
2021/7/7,33855.32813
2021/7/8,32877.37109
2021/7/9,33798.01172
2021/7/10,33520.51953
2021/7/11,34240.1875
2021/7/12,33155.84766
2021/7/13,32702.02539
2021/7/14,32822.34766
2021/7/15,31780.73047
2021/7/16,31421.53906
2021/7/17,31533.06836
2021/7/18,31796.81055
2021/7/19,30817.83203
2021/7/20,29807.34766
2021/7/21,32110.69336
2021/7/22,32313.10547
2021/7/23,33581.55078
2021/7/24,34292.44531
2021/7/25,35350.1875
2021/7/26,37337.53516
2021/7/27,39406.94141
2021/7/28,39995.90625
2021/7/29,40008.42188
2021/7/30,42235.54688
2021/7/31,41626.19531
2021/8/1,39974.89453
2021/8/2,39201.94531
2021/8/3,38152.98047
2021/8/4,39747.50391
2021/8/5,40869.55469
2021/8/6,42816.5
2021/8/7,44555.80078
2021/8/8,43798.11719
2021/8/9,46365.40234
2021/8/10,45585.03125
2021/8/11,45593.63672
2021/8/12,44428.28906
2021/8/13,47793.32031
2021/8/14,47096.94531
2021/8/15,47047.00391
2021/8/16,46004.48438
2021/8/17,44695.35938
2021/8/18,44801.1875
2021/8/19,46717.57813
2021/8/20,49339.17578
2021/8/21,48905.49219
2021/8/22,49321.65234
2021/8/23,49546.14844
2021/8/24,47706.11719
2021/8/25,48960.78906
2021/8/26,46942.21875
2021/8/27,49058.66797
2021/8/28,48902.40234
2021/8/29,48829.83203
2021/8/30,47054.98438
2021/8/31,47166.6875
2021/9/1,48847.02734
2021/9/2,49327.72266
2021/9/3,50025.375
2021/9/4,49944.625
2021/9/5,51753.41016
2021/9/6,52633.53516
2021/9/7,46811.12891
2021/9/8,46091.39063
2021/9/9,46391.42188
2021/9/10,44883.91016
2021/9/11,45201.45703
2021/9/12,46063.26953
2021/9/13,44963.07422
2021/9/14,47092.49219
2021/9/15,48176.34766
2021/9/16,47783.35938
2021/9/17,47267.51953
2021/9/18,48278.36328
2021/9/19,47260.21875
2021/9/20,42843.80078
2021/9/21,40693.67578
2021/9/22,43574.50781
2021/9/23,44895.09766
2021/9/24,42839.75
2021/9/25,42716.59375
2021/9/26,43208.53906
2021/9/27,42235.73047
2021/9/28,41034.54297
2021/9/29,41564.36328
2021/9/30,43790.89453
2021/10/1,48116.94141
2021/10/2,47711.48828
2021/10/3,48199.95313
2021/10/4,49112.90234
2021/10/5,51514.8125
2021/10/6,55361.44922
2021/10/7,53805.98438
2021/10/8,53967.84766
2021/10/9,54968.22266
2021/10/10,54771.57813
2021/10/11,57484.78906
2021/10/12,56041.05859
2021/10/13,57401.09766
2021/10/14,57321.52344
2021/10/15,61593.94922
2021/10/16,60892.17969
2021/10/17,61553.61719
2021/10/18,62026.07813
2021/10/19,64261.99219
2021/10/20,65992.83594
2021/10/21,62210.17188
2021/10/22,60692.26563
2021/10/23,61393.61719
2021/10/24,60930.83594
2021/10/25,63039.82422
2021/10/26,60363.79297
2021/10/27,58482.38672
2021/10/28,60622.13672
2021/10/29,62227.96484
2021/10/30,61888.83203
2021/10/31,61318.95703
2021/11/1,61004.40625
2021/11/2,63226.40234
2021/11/3,62970.04688
2021/11/4,61452.23047
2021/11/5,61125.67578
2021/11/6,61527.48047
2021/11/7,63326.98828
2021/11/8,67566.82813
2021/11/9,66971.82813
2021/11/10,64995.23047
2021/11/11,64949.96094
2021/11/12,64155.94141
2021/11/13,64469.52734
2021/11/14,65466.83984
2021/11/15,63557.87109
2021/11/16,60161.24609
2021/11/17,60368.01172
2021/11/18,56942.13672
2021/11/19,58119.57813
2021/11/20,59697.19531
2021/11/21,58730.47656
2021/11/22,56289.28906
2021/11/23,57569.07422
2021/11/24,56280.42578
2021/11/25,57274.67969
2021/11/26,53569.76563
2021/11/27,54815.07813
2021/11/28,57248.45703
2021/11/29,57806.56641
2021/11/30,57005.42578
2021/12/1,57229.82813
2021/12/2,56477.81641
2021/12/3,53598.24609
2021/12/4,49200.70313
2021/12/5,49368.84766
2021/12/6,50582.625
2021/12/7,50700.08594
2021/12/8,50504.79688
2021/12/9,47672.12109
2021/12/10,47243.30469
2021/12/11,49362.50781
2021/12/12,50098.33594
2021/12/13,46737.48047
2021/12/14,46612.63281
2021/12/15,48896.72266
2021/12/16,47665.42578
2021/12/17,46202.14453
2021/12/18,46848.77734
2021/12/19,46707.01563
2021/12/20,46880.27734
2021/12/21,48936.61328
2021/12/22,48628.51172
2021/12/23,50784.53906
2021/12/24,50822.19531
2021/12/25,50429.85938
2021/12/26,50809.51563
2021/12/27,50640.41797
2021/12/28,47588.85547
2021/12/29,46444.71094
2021/12/30,47178.125
2021/12/31,46306.44531
2022/1/1,47686.8125
2022/1/2,47345.21875
2022/1/3,46458.11719
2022/1/4,45897.57422
2022/1/5,43569.00391
2022/1/6,43160.92969
2022/1/7,41557.90234
2022/1/8,41733.94141
2022/1/9,41911.60156
2022/1/10,41821.26172
2022/1/11,42735.85547
2022/1/12,43949.10156
2022/1/13,42591.57031
2022/1/14,43099.69922
2022/1/15,43177.39844
2022/1/16,43113.87891
2022/1/17,42250.55078
2022/1/18,42375.63281
2022/1/19,41744.32813
2022/1/20,40680.41797
2022/1/21,36457.31641
2022/1/22,35030.25
2022/1/23,36276.80469
2022/1/24,36654.32813
2022/1/25,36954.00391
2022/1/26,36852.12109
2022/1/27,37138.23438
2022/1/28,37784.33203
2022/1/29,38138.17969
2022/1/30,37917.60156
2022/1/31,38483.125
2022/2/1,38743.27344
2022/2/2,36952.98438
2022/2/3,37154.60156
2022/2/4,41500.875
2022/2/5,41441.16406
2022/2/6,42412.43359
2022/2/7,43840.28516
2022/2/8,44118.44531
2022/2/9,44338.79688
2022/2/10,43565.11328
2022/2/11,42407.9375
2022/2/12,42244.46875
2022/2/13,42197.51563
2022/2/14,42586.91797
2022/2/15,44575.20313
2022/2/16,43961.85938
2022/2/17,40538.01172
2022/2/18,40030.97656
2022/2/19,40122.15625
2022/2/20,38431.37891
2022/2/21,37075.28125
2022/2/22,38286.02734
2022/2/23,37296.57031
2022/2/24,38332.60938
2022/2/25,39214.21875
2022/2/26,39105.14844
2022/2/27,37709.78516
2022/2/28,43193.23438
2022/3/1,44354.63672
2022/3/2,43924.11719
2022/3/3,42451.78906
2022/3/4,39137.60547
2022/3/5,39400.58594
2022/3/6,38419.98438
2022/3/7,38062.03906
2022/3/8,38737.26953
2022/3/9,41982.92578
2022/3/10,39437.46094
2022/3/11,38794.97266
2022/3/12,38904.01172
2022/3/13,37849.66406
2022/3/14,39666.75391
2022/3/15,39338.78516
2022/3/16,41143.92969
2022/3/17,40951.37891
2022/3/18,41801.15625
2022/3/19,42190.65234
2022/3/20,41247.82422
2022/3/21,41077.99609
2022/3/22,42358.80859
2022/3/23,42892.95703
2022/3/24,43960.93359
2022/3/25,44348.73047
2022/3/26,44500.82813
2022/3/27,46820.49219
2022/3/28,47128.00391
2022/3/29,47465.73047
2022/3/30,47062.66406
2022/3/31,45538.67578
2022/4/1,46281.64453
2022/4/2,45868.94922
2022/4/3,46453.56641
2022/4/4,46622.67578
2022/4/5,45555.99219
2022/4/6,43206.73828
2022/4/7,43503.84766
2022/4/8,42287.66406
2022/4/9,42782.13672
2022/4/10,42207.67188
2022/4/11,39521.90234
2022/4/12,40127.18359
2022/4/13,41166.73047
2022/4/14,39935.51563
2022/4/15,40553.46484
2022/4/16,40424.48438
2022/4/17,39716.95313
2022/4/18,40826.21484
2022/4/19,41502.75
2022/4/20,41374.37891
2022/4/21,40527.36328
2022/4/22,39740.32031
2022/4/23,39486.73047
2022/4/24,39469.29297
2022/4/25,40458.30859
2022/4/26,38117.46094
2022/4/27,39241.12109
2022/4/28,39773.82813
2022/4/29,38609.82422
2022/4/30,37714.875
2022/5/1,38469.09375
2022/5/2,38928.66797
